head1,head2
مركز جبل سمعان,حلب
مركز جبل سمعان,المسلمية
مركز جبل سمعان,عسان
مركز جبل سمعان,الذهبية
مركز جبل سمعان,صقلايا
مركز جبل سمعان,تل شغيب
مركز جبل سمعان,عبطين
مركز جبل سمعان,حدادين
مركز جبل سمعان,تل شعير سمعان
مركز جبل سمعان,حريبل
مركز جبل سمعان,الوضيحي
مركز جبل سمعان,حيلان
مركز جبل سمعان,خان طومان
مركز جبل سمعان,كفر صغير
مركز جبل سمعان,معراتة المسلمية
مركز جبل سمعان,قراص
مركز جبل سمعان,سيفات
مركز جبل سمعان,عزان
مركز جبل سمعان,دوير الزيتون
مركز جبل سمعان,كفر داعل
مركز جبل سمعان,الشيخ نجار
مركز جبل سمعان,خان العسل
مركز جبل سمعان,الملاح
مركز جبل سمعان,منصورة
مركز جبل سمعان,قدارة
مركز جبل سمعان,خانة عسان
مركز جبل سمعان,البحيرة
مركز جبل سمعان,الكدر
مركز جبل سمعان,الكسارة
مركز جبل سمعان,العامرية جبل سمعان
مركز جبل سمعان,المغير
مركز جبل سمعان,زهرة مدائن
مركز جبل سمعان,عين العصافير
مركز جبل سمعان,خربة خريس
مركز جبل سمعان,ابو شعيلم
مركز جبل سمعان,العزيزة
مركز جبل سمعان,الراشدين
مركز جبل سمعان,ارض الحمرا
مركز جبل سمعان,الجزيرة
مركز جبل سمعان,تلة الغالي
مركز جبل سمعان,حندرات
مركز جبل سمعان,جبيلة
مركز جبل سمعان,بابينص
مركز جبل سمعان,السابقية
مركز جبل سمعان,الحويز
مركز جبل سمعان,الخالدية
مركز جبل سمعان,خربة معراتة
مركز جبل سمعان,الشرفة
مركز جبل سمعان,الكلارية
مركز جبل سمعان,الحكمة
مركز جبل سمعان,شويحنة
مركز جبل سمعان,البريج
مركز جبل سمعان,كفر طونة
مركز جبل سمعان,حليسة
مركز جبل سمعان,تل سوسين
مركز جبل سمعان,كفر قارص
أتارب,القناطر
أتارب,التوامة
أتارب,بابكة
أتارب,الأتارب
أتارب,السحارة
أتارب,عويجل
أتارب,باتبو
أتارب,ابين سمعان
أتارب,أورم الصغرى
أتارب,تديل
أتارب,أورم الكبرى
أتارب,الابزمو
أتارب,الشيخ علي
أتارب,الجينة
أتارب,كفر عمة
أتارب,كفر ناها
أتارب,كفر كرمين
أتارب,كفر ناصح الاتارب
أتارب,كفر تعال
أتارب,معارة اتارب
أتارب,كفر حلب
أتارب,كفر جوم غربية
أتارب,كفر نوران
أتارب,الحلزون
أتارب,ميزناز
أتارب,أرناز
أتارب,عاجل
أتارب,الرضوان
أتارب,جمعية الرحال
أتارب,جمعية الأرمن
تل الضمان,رسم الجحش
تل الضمان,اعبد
تل الضمان,بطرانة
تل الضمان,علية
تل الضمان,تبارة الخشير
تل الضمان,جب الخفي سمعان
تل الضمان,أبو رويل
تل الضمان,جب عليص
تل الضمان,تل ماسح
تل الضمان,اصطبلات
تل الضمان,الصياح_صياح ظاهرية
تل الضمان,أم العمد قبلي
تل الضمان,النعمانية
تل الضمان,أم طماخ سمعان
تل الضمان,أم الهوته
تل الضمان,ارجل
تل الضمان,تل الضمان
تل الضمان,الحميدي
تل الضمان,تل حطابات سمعان
تل الضمان,دير صليبة
تل الضمان,تل حواصيد_حانوتة
تل الضمان,بردة
تل الضمان,أم جرين
تل الضمان,أم الكراميل
تل الضمان,تل احمر
تل الضمان,عوينات كبيرة
تل الضمان,رجم عميرات
تل الضمان,أم تينة سمعان
تل الضمان,تل صبحة
تل الضمان,تل عقارب
تل الضمان,بطحة
تل الضمان,عليص
تل الضمان,عندان الشيخ
تل الضمان,الحيانية
تل الضمان,بلاس
تل الضمان,شويحة اللهيب
تل الضمان,طرفاوي
تل الضمان,صعيبية
تل الضمان,المنصورة
تل الضمان,بياعة كبيرة
تل الضمان,بويضة كبيرة
تل الضمان,رسم الصفا
تل الضمان,أم قرون_أم جرن
تل الضمان,صفيرة
تل الضمان,أبو مرير
تل الضمان,أم غراف
تل الضمان,شويحة البو عيسى
تل الضمان,المنطار
تل الضمان,عطشانة شرقية
تل الضمان,أم غبار
تل الضمان,حلوية
تل الضمان,عطشانة غربية
تل الضمان,رسم المفكر_حلو مفكر
تل الضمان,أم عج
تل الضمان,أم وادي
تل الضمان,جفر منصور سمعان
تل الضمان,بياعة صغيرة
تل الضمان,حميدية
تل الضمان,بويضة صغيرة
تل الضمان,نوارة
تل الضمان,وادي الصنوع
تل الضمان,وادي الدبس
تل الضمان,هزاني
تل الضمان,مرحمية
تل الضمان,كفر إيبش
تل الضمان,مشرفة البويضتين
تل الضمان,مجاص
تل الضمان,قرع الغزال
تل الضمان,ماسح
تل الضمان,مداين الكبير
تل الضمان,كفر عبيد
تل الضمان,مشرفة ارجل
تل الضمان,مقتل الزيدي
تل الضمان,هوبر
تل الضمان,كولة البويدر
تل الضمان,مشرفة المريج
تل الضمان,مريقص
تل الضمان,غيطل_غيظل
تل الضمان,قلعة الشيخ
تل الضمان,الباكات
تل الضمان,مشرفة الحلاج
تل الضمان,غريريفة
تل الضمان,ابو المجاهر
تل الضمان,عين الغرف
تل الضمان,حامدية الشداد
تل الضمان,جب ابيض
تل الضمان,المنبطح
تل الضمان,الهرش
تل الضمان,ام دق
تل الضمان,ام رجوم
تل الضمان,بطوشية
تل الضمان,تل فا
تل الضمان,ام سلاسل
تل الضمان,ابو جورة
تل الضمان,حمديات
تل الضمان,جب العبد
تل الضمان,زيارة
تل الضمان,ام عمود
تل الضمان,عويد
تل الضمان,رجيلة
تل الضمان,قريحة
تل الضمان,عين ابو نصرة
تل الضمان,سماقية
تل الضمان,الاندرين
تل الضمان,الصليحية
تل الضمان,رسم البرج
تل الضمان,ام خان
تل الضمان,جعکیة
تل الضمان,دوير الهوتة
تل الضمان,رسم الحرمل
تل الضمان,سنابل
تل الضمان,سرجة
تل الضمان,تل الاربعين
تل الضمان,المدورة
تل الضمان,الفارس
تل الضمان,جواز الجحاش
تل الضمان,رسم الشيخ
تل الضمان,أم عدسة
حريتان,جب غبشة
حريتان,عندان
حريتان,تيارة
حريتان,صفة
حريتان,باشكوي سمعان
حريتان,الطامورة
حريتان,حيان
حريتان,شيخ زيات
حريتان,شامر
حريتان,حريتان
حريتان,عفرين
حريتان,ياقد العدس
حريتان,مقبلة
حريتان,كفر حمرة
حريتان,كفر بسين
حريتان,معارة الأرتيق
حريتان,فاح
حريتان,بابيص
حريتان,نقارين
حريتان,تل مصيبين
حريتان,المعبدية
حريتان,تل طعانة
دارة عزة,زرزيتا
دارة عزة,دارة عزة
دارة عزة,حور
دارة عزة,بشنطرة
دارة عزة,ارحاب
دارة عزة,تقاد
دارة عزة,عنجارة
دارة عزة,بشقاتين
دارة عزة,الهوتة
دارة عزة,بسرطون
دارة عزة,مجبينة
دارة عزة,كفرانتين
دارة عزة,قبتان الجبل
دارة عزة,بلنتا
دارة عزة,بالا
دارة عزة,مشهد
دارة عزة,دير سمعان
دارة عزة,جمعية عازار
دارة عزة,جمعية المعري
دارة عزة,بكدانا
دارة عزة,شيخ سليمان
دارة عزة,جمعية الهادي
دارة عزة,قاسمية
دارة عزة,السلوم
دارة عزة,مكلبيس
دارة عزة,قاطورة
الزربة,زيارة سمعان
الزربة,حميرة
الزربة,برقوم
الزربة,برنة
الزربة,الشيخ احمد
الزربة,زمار
الزربة,عثمانية كبيرة
الزربة,تل حدية
الزربة,أم عتبة
الزربة,اباد
الزربة,تل باجر
الزربة,رسم العيس
الزربة,بانص
الزربة,عرادة
الزربة,طلافح
الزربة,جب كاس
الزربة,زيتان
الزربة,جزرايا
الزربة,بوابية
الزربة,الزربة
الزربة,تل علوش
الزربة,حوير العيس
الزربة,تل ممو
الزربة,قماري
الزربة,كوسنيا
الزربة,كسيبة
الزربة,رسم صهريج
الزربة,كفر جوم شرقي
الزربة,وسيطة
الزربة,خلصة
الزربة,ريف المهندسين
الحاضر,تليلات
الحاضر,دلامة
الحاضر,جميمة
الحاضر,تل دادين
الحاضر,العيس
الحاضر,الحاضر
الحاضر,مريودة
الحاضر,مكحلة
الحاضر,مريمين سمعان
الحاضر,وادي الصغير
الحاضر,كفر حداد
الحاضر,عزيزية
الحاضر,شغيدلة
مركز الباب,أم العمد الباب
مركز الباب,النيربية
مركز الباب,سوسيان
مركز الباب,بزاعة
مركز الباب,شعالة
مركز الباب,سو سنباط
مركز الباب,حزوان
مركز الباب,البرج
مركز الباب,المقري
مركز الباب,اعبد
مركز الباب,شيخ جراح
مركز الباب,شيخ علوان
مركز الباب,صوران
مركز الباب,حدث
مركز الباب,تل جرجي
مركز الباب,سفلانية
مركز الباب,الباب
مركز الباب,سرجة كبيرة
مركز الباب,عولان
مركز الباب,تل رحال
مركز الباب,شدود
مركز الباب,الشيخ كيف
مركز الباب,قمة داغلباش
مركز الباب,قباسين
مركز الباب,مران
مركز الباب,قديران
مركز الباب,وقاح
مركز الباب,نعمان
مركز الباب,قبة الشيخ
مركز الباب,مديونة
مركز الباب,ورودية
مركز الباب,حليسة
مركز الباب,حج حسان
مركز الباب,الداكرلي
مركز الباب,خان حفرة
مركز الباب,دير انطة
مركز الباب,الازرق
مركز الباب,الخشخشات
مركز الباب,خربة الدوير
مركز الباب,تلال العنب
مركز الباب,شرقيات
مركز الباب,مزرعة حمو
مركز الباب,طنبور
مركز الباب,سرجة صغيرة
مركز الباب,الدرعية
مركز الباب,أبو الزندين
مركز الباب,خربشية
مركز الباب,غوز
مركز الباب,الكفير
مركز الباب,برات
مركز الباب,دانا
مركز الباب,زويان
مركز الباب,زرزور
مركز الباب,خليلية
مركز الباب,شابيران
تادف,برلهين
تادف,بطوشية الباب
تادف,عران
تادف,أبو جبار
تادف,الكيطة
تادف,أبو طلطل
تادف,تادف
تادف,عمية كبيرة
تادف,دير قاق
تادف,طومان
تادف,خربة كيار
تادف,أم خرزة الباب
تادف,البيرة الباب
تادف,عويشية
تادف,سرحان
تادف,عيشة
تادف,شيخ دن
تادف,قطر
تادف,قصر البريج
تادف,مغارة أبو جبار
تادف,فيخة كبيرة
تادف,عين البيضا
تادف,فيخة صغيرة
تادف,تل بيجان
تادف,رسم العالم
تادف,العجوزية
تادف,العبودية
تادف,مشرفة ابو جبر
تادف,الملتفتة
تادف,خربة الجحاش
تادف,عين الجحاش
تادف,الحلاقة
تادف,المنصورة (تادف)
تادف,شماوية
تادف,معزولة
تادف,فيخة الصغيرة
تادف,حساني
تادف,اللواحجة
تادف,العواصي
تادف,مشرفة تل مكسور
تادف,العبوية
دير حافر,حزازة
دير حافر,عاكولة
دير حافر,زبيدة
دير حافر,تل أيوب
دير حافر,أم المرا
دير حافر,دير حافر
دير حافر,حميمة كبيرة
دير حافر,رسم الحرمل الجنوبي
دير حافر,أم زليلة
دير حافر,حميمة صغيرة
دير حافر,مبعوجة
دير حافر,زبيدة
دير حافر,المالكية
الراعي,الوقف
الراعي,صندي
الراعي,المتمنة
الراعي,الراعي
الراعي,حليصة
الراعي,حاجي ولي
الراعي,حاجي كوسة
الراعي,المسنة الباب
الراعي,شاوة
الراعي,جبين
الراعي,النهضة
الراعي,تل ميزاب
الراعي,طويران
الراعي,العامرية
الراعي,سلسلة
الراعي,خليلية
الراعي,تليلة الباب
الراعي,الأثرية
الراعي,أم الثدايا_ماملي
الراعي,زلف
الراعي,تل عيشة
الراعي,زيارة الباب
الراعي,تل الهوى
الراعي,عياشة
الراعي,تل عطية
الراعي,باب ليمون
الراعي,هضبات
الراعي,كرسنلي
الراعي,قنطرة الباب
الراعي,الزهرة
الراعي,خربة بشير
الراعي,العون
الراعي,الايوبية
الراعي,تل صفير
الراعي,تل احمر
الراعي,راغبية
الراعي,ثليجة غربي
كويرس شرقي,أبو ضنة
كويرس شرقي,عربيد كبير
كويرس شرقي,شيخ أحمد
كويرس شرقي,طيبة الاسم
كويرس شرقي,الجبول
كويرس شرقي,أم أركيلة
كويرس شرقي,الجابرية
كويرس شرقي,الحلبية
كويرس شرقي,المفلسة
كويرس شرقي,عين الجماجمة
كويرس شرقي,رسم العبد
كويرس شرقي,دكوانة
كويرس شرقي,تل سبعين
كويرس شرقي,تل احمر الباب
كويرس شرقي,كويرس شرقي
كويرس شرقي,كويرس غربي
كويرس شرقي,كصكيص
كويرس شرقي,وديعة
كويرس شرقي,جب الصفا
كويرس شرقي,عاصمية
كويرس شرقي,الكرين
كويرس شرقي,قطبيه
كويرس شرقي,الجميلية
كويرس شرقي,جديدة عربين / عين الحنش
كويرس شرقي,عفش
كويرس شرقي,تل مكسور
كويرس شرقي,السين
كويرس شرقي,بربجة
كويرس شرقي,جب الكلب
كويرس شرقي,تنوزة
رسم حرمل الامام,تل حطابات الباب
رسم حرمل الامام,زعرايا
رسم حرمل الامام,تبارة ماضي
رسم حرمل الامام,بيجان الباب
رسم حرمل الامام,جروف
رسم حرمل الامام,رسم الكروم
رسم حرمل الامام,رسم الكبار_خربة زعرايا
رسم حرمل الامام,رسم الحرمل الامام
رسم حرمل الامام,أم العمد رسم الحرمل
رسم حرمل الامام,رسم الكبير_علكانة
رسم حرمل الامام,رسم عبود
رسم حرمل الامام,رسم الشيخ
رسم حرمل الامام,رسم الخباز
رسم حرمل الامام,شربع
رسم حرمل الامام,مناطير الصفر
رسم حرمل الامام,مزبورة
رسم حرمل الامام,نصر الله
رسم حرمل الامام,نجارة
رسم حرمل الامام,شويليخ
رسم حرمل الامام,سريب
رسم حرمل الامام,رسم الكما
رسم حرمل الامام,أبو جدحة صغير
رسم حرمل الامام,تل السوس_أبو سوس
رسم حرمل الامام,أبو جدحة_صلمة
رسم حرمل الامام,الكيارية
رسم حرمل الامام,أحمدية
رسم حرمل الامام,مزرعة الريف
رسم حرمل الامام,عربيد صغير
عريمة,سكرية كبيرة
عريمة,سكرية صغيرة
عريمة,حوتة
عريمة,المزروفة
عريمة,الحجلية- الباب
عريمة,العميانة_كورهيوك
عريمة,الجرنية
عريمة,أولاشة
عريمة,العريمة
عريمة,الكريدية
عريمة,ايلان
عريمة,السنبلة_صابويران
عريمة,جب الدم الباب
عريمة,الوادي_جقال صغير
عريمة,جب سلطان
عريمة,الثعلبية_جقال كبير
عريمة,جب نعسان
عريمة,العروبة الباب_عرب ويران
عريمة,جبلة الحمرة
عريمة,أم شكيف
عريمة,أم عدسةعجمي
عريمة,شدار
عريمة,شويحة
عريمة,ترحين
عريمة,برشايا
عريمة,تفريعة صغيرة
عريمة,تفريعة كبيرة
عريمة,نباتة كبيرة
عريمة,مضيق بو غاز
عريمة,ثلجة شرقية
عريمة,خربة الذئب
عريمة,زمكا
عريمة,عجمي
عريمة,عريفية
عريمة,سويحة
عريمة,مزرعة السنبلة
عريمة,العجمي
عريمة,جب البرازي
عريمة,تل تورين
عريمة,ابوهيج
عريمة,كندرلي
عريمة,قاوقلي
عريمة,مصيبين (الباب)
عريمة,شيخ ناصر
عريمة,تبجق
عريمة,بازجي
مركز عفرين,بابليت
مركز عفرين,اسكان
مركز عفرين,ابين- عفرين
مركز عفرين,برج حيدر
مركز عفرين,تللف
مركز عفرين,شوارغة الجوز
مركز عفرين,شوارغة الأرز
مركز عفرين,الزيارة عفرين
مركز عفرين,شيخ الدير
مركز عفرين,جلبل
مركز عفرين,عقيبة
مركز عفرين,الهوى
مركز عفرين,الظريفة
مركز عفرين,خالدية عفرين
مركز عفرين,الخضراء
مركز عفرين,عفرين
مركز عفرين,اناب
مركز عفرين,النيرة
مركز عفرين,البصلية
مركز عفرين,عين دارة
مركز عفرين,باصلحايا
مركز عفرين,بتيتة
مركز عفرين,باعي
مركز عفرين,باصوفان
مركز عفرين,براد
مركز عفرين,باسوطة
مركز عفرين,برج عبد الله
مركز عفرين,غزاوية عفرين
مركز عفرين,زهرةالحياة
مركز عفرين,كباشين
مركز عفرين,كوكبة
مركز عفرين,كيمار
مركز عفرين,فافرتين
مركز عفرين,معراتة
مركز عفرين,كفرشيل
مركز عفرين,مريمين عفرين
مركز عفرين,قرزيحل
مركز عفرين,كفر بطرة
مركز عفرين,كفر زيد
مركز عفرين,كفير
مركز عفرين,تل طويل
مركز عفرين,الزريقات
مركز عفرين,معرستة الخطيب
مركز عفرين,كفرميز
مركز عفرين,كفر نبو
مركز عفرين,الجميلة
مركز عفرين,برج سليمان
مركز عفرين,دير مشمش
بلبل,بلبل
بلبل,السمحة_كيلانلي
بلبل,أوبة_بيك أوبه باسي
بلبل,خضر
بلبل,عبودان
بلبل,شرقان
بلبل,أبل
بلبل,الديك
بلبل,دير حسن
بلبل,السعرة
بلبل,اليابسة
بلبل,الحاجب_قاش أوغلي
بلبل,الرأس الأحمر
بلبل,الخليل_خليلاك
بلبل,صاغر_صاغر أوبه سي
بلبل,زعرة
بلبل,بالي_كوي
بلبل,علي الأطرش_عليكار
بلبل,عوكان
بلبل,شيخ خورز
بلبل,عشاني
بلبل,الطفلة
بلبل,المدللة عفرين_كوتانلي شرقي
بلبل,المروية
بلبل,قوطان
بلبل,قسطل مقداد
بلبل,هوزان
بلبل,قورنة
بلبل,زفنك
بلبل,جولاقي
بلبل,بيلان
بلبل,قورزلي
بلبل,دوبيرة
بلبل,علي جارو
بلبل,حفتارو
بلبل,هياملي
بلبل,بخجة
جنديرس,شيخ عبد الرحمن
جنديرس,حاج اسكندر
جنديرس,جوم عفرين
جنديرس,رمادية
جنديرس,الضخم
جنديرس,جلمة
جنديرس,جلق
جنديرس,جنديرس
جنديرس,الحمام
جنديرس,برج كموش
جنديرس,راس الأسود_قراباش
جنديرس,تل حمو
جنديرس,ديوان فوقاني
جنديرس,خرزان
جنديرس,تل سلور
جنديرس,البياضة - جنديرس
جنديرس,دير بلوط
جنديرس,خلطان غربي
جنديرس,اشكان غربي
جنديرس,زندة
جنديرس,النسرية
جنديرس,الفسحة
جنديرس,اشكان شرقي
جنديرس,كفردلي فوقاني
جنديرس,مروانة فوقاني
جنديرس,مسكة فوقاني
جنديرس,كوردان
جنديرس,فريرية
جنديرس,كوران جنديرس
جنديرس,كفردلي تحتاني
جنديرس,كفر صفرة
جنديرس,حملك-حميلك
جنديرس,تاتارا-تاتارانلي
جنديرس,مروانة تحتاني
جنديرس,كوبان
جنديرس,دوكان
جنديرس,محمودية
جنديرس,زلقة
جنديرس,حجلار
جنديرس,أبو كعب
جنديرس,بفلور
جنديرس,قيلة
جنديرس,خريبة / قربة
جنديرس,هيكجة
جنديرس,حجي حسنلي
راجو,الشيوخ_شيخ أوبه سي
راجو,الغزلان_جيلاني
راجو,حمشو_حمشتلك
راجو,شيخ محمد
راجو,ضوضو
راجو,حاج خليل
راجو,الدرويشية
راجو,المعامل_أوشاغي
راجو,العلياء_علي بسكي
راجو,البتراء
راجو,المرتفعة_قودة كوي
راجو,عمر_عمر أوشاغي
راجو,الراعي_جوبانلي
راجو,حجمان
راجو,الطاقية_كمرش
راجو,بربند
راجو,الضحاك فوقاني_كوليان فوقاني
راجو,علمدار
راجو,بلالية_بلاليكو
راجو,الثلاثية
راجو,الصوان الصغير_جقمق صغير
راجو,البئرين_جتال قويو
راجو,الثدي_مامالي
راجو,بيت عدين
راجو,الضحاك التحتاني_كوليان
راجو,الجبلية_طاغ أوبه سي
راجو,جنجلة
راجو,جلقمة
راجو,الصوان الكبير
راجو,ادة
راجو,القلم_بندرك
راجو,عطمان
راجو,شنكل
راجو,الطلة_زركانلي
راجو,راجو
راجو,الحجيج_حجي كانلي
راجو,الأمسية_دونبللي
راجو,موسيه_أوبه سي
راجو,ميدان أكبس
راجو,هليل_هوليلو
راجو,كوسان
راجو,ماسيكان
راجو,كوران عفرين
راجو,شيخ بلال
راجو,حيدر أوبه سي
راجو,حسن كلكاوي
راجو,كري
راجو,شاديا
راجو,شربانلي
راجو,هوبكان
راجو,جعنكا
راجو,خربة سلوك
راجو,قرة بابا
شران,جمان
شران,ديرصوان
شران,دامة_أيكي دام
شران,البستان الكبير
شران,شران
شران,تل الاسود
شران,زيتونة
شران,اليجي
شران,حلوبي صغير
شران,المحببة_ناز أوشاغي
شران,البياعة
شران,حلوبي كبير
شران,الميدان عفرين
شران,دوراقا
شران,بافليون
شران,السعر_سعرنجاك
شران,القارة
شران,العمرية عفرين
شران,العمود
شران,علي بازان
شران,الديب الكبير
شران,القسطل
شران,الضحى
شران,الديب الصغير
شران,السيم_العمرية
شران,كفر جنة
شران,قطيرة
شران,مشعلة
شران,قسطل جند
شران,كفرروم
شران,مرساوا
شران,قاطمة عفرين
شران,سينكة
شران,العروبة
شران,بللورسنك
شران,شلتاح
شيخ الحديد,شيخ الحديد
شيخ الحديد,تل الثعالب_شيخ جقاللي
شيخ الحديد,خزفية_قرة متلق
شيخ الحديد,انقلة
شيخ الحديد,سنارة
شيخ الحديد,المزينة_أرندة
شيخ الحديد,درمش_درمشكانلي
شيخ الحديد,وادي الثعالب_جقال تحتاني
شيخ الحديد,مغار_مغار جق
شيخ الحديد,مستكان
شيخ الحديد,الوردية
شيخ الحديد,كلانلي
شيخ الحديد,سحولجك
شيخ الحديد,حاج بلال
شيخ الحديد,الشيخ خليل
معبطلي,برماجة
معبطلي,الصرة_كوباك
معبطلي,عاشور
معبطلي,حمو راجو
معبطلي,الشوربة
معبطلي,شيركان_شيركانلي
معبطلي,حاج قاسم
معبطلي,دار كبير
معبطلي,الأميرية_ميركان
معبطلي,الجمركية
معبطلي,اليتيمة_أوكسوزلي
معبطلي,المعصرة_معصرةجق
معبطلي,أبرز
معبطلي,أولاد العرب_عرب أوشاغي
معبطلي,أنبار
معبطلي,السمال
معبطلي,الجزرونية
معبطلي,المعبطلي
معبطلي,المعزولة_روطانلي
معبطلي,الشيخ الأقرع_كيلو
معبطلي,ياخور_أيكي أخور
معبطلي,مزرعة شلو
معبطلي,عرب شيخو
معبطلي,القنطرة معبطلي
معبطلي,جومازانلي
معبطلي,بركة
معبطلي,خزيان فوقاني
معبطلي,عين الحجر
معبطلي,الرحمانية
معبطلي,الظاهرة العليا
معبطلي,الظاهرة الدنبا
مركز اعزاز,سيجراز
مركز اعزاز,شمارخ
مركز اعزاز,طاطية
مركز اعزاز,تليل الشام
مركز اعزاز,الفيرزية
مركز اعزاز,السلامة
مركز اعزاز,جارز
مركز اعزاز,المالكية
مركز اعزاز,أعزاز
مركز اعزاز,الكروم
مركز اعزاز,شمارين
مركز اعزاز,كفر خاشر
مركز اعزاز,كفر كلبين
مركز اعزاز,منق
مركز اعزاز,مرعناز
مركز اعزاز,يحمول
مركز اعزاز,ندة
مركز اعزاز,نيارة
مركز اعزاز,معرين
مركز اعزاز,كلجبرين
مركز اعزاز,باب السلامة
مركز اعزاز,جديدة معرين
اخترين,خلفتلي
اخترين,بحورته
اخترين,العزيزية
اخترين,زيادية
اخترين,البياضية_آق برهان
اخترين,أخترين
اخترين,باروزة
اخترين,بليخة
اخترين,عبلة
اخترين,الحردانة
اخترين,دوير الهوا
اخترين,عويلين
اخترين,صندرة
اخترين,طويس
اخترين,طعانة
اخترين,دوديان
اخترين,تل شعير اعزاز
اخترين,بغيدين
اخترين,تل عار شرقية
اخترين,تل عار غربية
اخترين,سموقة اعزاز
اخترين,دابق
اخترين,اكسار
اخترين,المسعودية
اخترين,جكة
اخترين,تل بطال شرقي
اخترين,طاط حمس
اخترين,غرور
اخترين,عين الاسود
اخترين,تركمان بارح
اخترين,تلتانة
اخترين,الغوز
اخترين,الغيلانية
اخترين,كعيبة
اخترين,كدريش
اخترين,قبتان
اخترين,قره مزرعة
اخترين,قزم_قصه جك
اخترين,غيطون
اخترين,واش
اخترين,قعر كلبين
اخترين,ارشاف
اخترين,مصيرفة
اخترين,الخراب
اخترين,طويحينة
اخترين,بيت مستو
اخترين,الصالحية مارع
اخترين,خربة تل شعير
اخترين,مزرعة شاهين
اخترين,تل جيجان
اخترين,جب العاصي
اخترين,تلاتينة
اخترين,كمالية
اخترين,الشعبانية
اخترين,الاحمدية
اخترين,تل بطال
تل رفعت,تل جبين
تل رفعت,تلعجار
تل رفعت,تنب
تل رفعت,دير جمال
تل رفعت,تل رفعت
تل رفعت,طاطمراش
تل رفعت,احرص
تل رفعت,الشيخ عيسى
تل رفعت,كشتعار
تل رفعت,كفرنايا
تل رفعت,مسقان
تل رفعت,كفر ناصح تل رفعت
تل رفعت,العلقمية
تل رفعت,كفر أنطون
تل رفعت,تل بلونة
تل رفعت,عين دقنة
مارع,اسنبل
مارع,الساعد_قولسروج
مارع,حربل
مارع,تلالين
مارع,السيد علي
مارع,الحسنية_حساجك
مارع,تل مضيق
مارع,حوار النهر
مارع,الحصية
مارع,تلقراح
مارع,قرامل
مارع,فافين
مارع,معراتة أم حوش
مارع,كفر الورد
مارع,مارع
مارع,وحشية
مارع,تل مالد
مارع,صندف
مارع,أم القرى
مارع,وسيطية مارع
مارع,مزرعة حوارين
مارع,حاسين
مارع,وردية
نبل,زوق الكبير
نبل,الزهراء
نبل,حردتنين
نبل,برج القاص
نبل,بيانون
نبل,باشمرة
نبل,رتيان
نبل,كفين
نبل,معرسة الخان
نبل,مياسة
نبل,نبل
نبل,ماير
نبل,بنسطور
نبل,الشيخ عقيل
صوران,اليعربية
صوران,الزيزفون_إيكدة
صوران,دويبق
صوران,شويرين
صوران,حوار كلس
صوران,الجديدة
صوران,براغيدة
صوران,صوران
صوران,راعل
صوران,الظاهرية أعزاز
صوران,احتيملات
صوران,العدية
صوران,البل
صوران,مريغل
صوران,كفر بارجة
صوران,كفرة
صوران,كفرشوش
صوران,قزل/غزل
صوران,حرجلة
صوران,دلحة
صوران,كفرغان
صوران,شيخ ريح
صوران,الطوقي
صوران,تل الحصن
صوران,قرة كبري
صوران,المرعة السودا
مركز منبج,خربة الحصان
مركز منبج,جناة صالح الطيب
مركز منبج,شنهصة
مركز منبج,مناظر الجرف
مركز منبج,رسم المشرفة
مركز منبج,تل ياسطي
مركز منبج,بطوشية منبج
مركز منبج,عسلية
مركز منبج,الفارات
مركز منبج,خربة الشياب
مركز منبج,أم جلود
مركز منبج,عوسجلي صغير
مركز منبج,عرب حسن كبير
مركز منبج,جب القادر
مركز منبج,أم جلال
مركز منبج,طوق الخليل
مركز منبج,عوسجلي كبير
مركز منبج,دندنية
مركز منبج,تل رفيع
مركز منبج,جب مخزوم
مركز منبج,طوال
مركز منبج,البيرة منبج
مركز منبج,عامودية
مركز منبج,تل أبو جدحة_طيارة
مركز منبج,جب الحمام سلطان
مركز منبج,خشفة ام عدسة
مركز منبج,جب الثور_عكرش
مركز منبج,أم خرزة منبج
مركز منبج,عنزاوية منبج
مركز منبج,أم السطح
مركز منبج,جب ابيض
مركز منبج,جاموسية
مركز منبج,جب الخفي_منبج
مركز منبج,رفيعة
مركز منبج,تليلة منبج
مركز منبج,جب الكلب كبير
مركز منبج,بوير
مركز منبج,خربة ماصي
مركز منبج,خربة نفخ
مركز منبج,عمرية
مركز منبج,تل اخضر
مركز منبج,الحمدونية
مركز منبج,أبو جرين منبج
مركز منبج,بئر خللو
مركز منبج,سعن الغزال_بوز كيج
مركز منبج,خرفان
مركز منبج,دادات
مركز منبج,زونقل
مركز منبج,سعيدية
مركز منبج,سلطانية
مركز منبج,جب العروس
مركز منبج,المحسنة_باك ويران
مركز منبج,حمام صغير
مركز منبج,حيمر جيس
مركز منبج,أم عدسة قرب منبج
مركز منبج,الحمران
مركز منبج,حليسية
مركز منبج,عين النخيل
مركز منبج,أم عدسة الفارات
مركز منبج,حية كبيرة
مركز منبج,أربعة صغيرة
مركز منبج,خاروفية صغيرة
مركز منبج,أم ميال جفتلك
مركز منبج,صغيرة
مركز منبج,أم ميال ميري
مركز منبج,صيادة
مركز منبج,المنكوبة
مركز منبج,رسم الأخضر
مركز منبج,ابو منديل
مركز منبج,جوتة
مركز منبج,راطونية
مركز منبج,شويحة خزناوي
مركز منبج,جناة ابو جدحةجركس
مركز منبج,أم عظام
مركز منبج,الكبيرة منبج_باشلي
مركز منبج,طحنة كبيرة
مركز منبج,شيخ يحيى
مركز منبج,أبو طويل
مركز منبج,حية صغيرة
مركز منبج,صافي
مركز منبج,خاروفية كبيرة
مركز منبج,الحجر الأبيض
مركز منبج,جرن كبير
مركز منبج,أبو كهف
مركز منبج,ارنبية_دوشان
مركز منبج,أبو جدحة كبير
مركز منبج,تايهة
مركز منبج,جرن صغير
مركز منبج,أوشرية
مركز منبج,مجرى تحتاني
مركز منبج,هدهد
مركز منبج,مغيرات
مركز منبج,منبج
مركز منبج,كرسان
مركز منبج,قناة الغرة
مركز منبج,مستريحة جفتلك
مركز منبج,قاطمة منبج_قطمة
مركز منبج,منلا اسعد
مركز منبج,مجرى فوقاني
مركز منبج,وريدة المركز
مركز منبج,مشرفة البوير
مركز منبج,نحلية_ناحلية
مركز منبج,قلعة نجم
مركز منبج,مقبلة البيرة
مركز منبج,قرعة كبيرة
مركز منبج,مدنة صغير
مركز منبج,مدنة كبيرة
مركز منبج,محترق كبير
مركز منبج,كابر كبير_كابرجة كبيرة
مركز منبج,محترق صغير
مركز منبج,قبر إيمو
مركز منبج,لابدة_ميلو يران
مركز منبج,مقتلة
مركز منبج,مروح منبج
مركز منبج,معيصرة
مركز منبج,كابر صغير_كابرجة صغيرة
مركز منبج,قبب بنية_قراجلة
مركز منبج,مقطع حجر كبير
مركز منبج,مجرى وسطاني
مركز منبج,مقطع الحجر صغير
مركز منبج,ميلويران
مركز منبج,أم الصفا
مركز منبج,أم عدس فرس
مركز منبج,قناة الشيخ طباش
مركز منبج,الزكية الخفسة
مركز منبج,شراقي/ قره شوكي
مركز منبج,خربة عيوش
مركز منبج,المستريحة
مركز منبج,قناة الشخ / حج عابدين
مركز منبج,نواجة
مركز منبج,السرب
مركز منبج,الخطف
أبو قلقل,حما كبير
أبو قلقل,خربة السودة منبج
أبو قلقل,حيمر لابدة
أبو قلقل,خفية أبو قلقل
أبو قلقل,أبو قلقل
أبو قلقل,خربة العشرة
أبو قلقل,حالولة
أبو قلقل,جديدة فرس
أبو قلقل,جب النشامة
أبو قلقل,أم جرن منبج
أبو قلقل,جب الكجلي
أبو قلقل,شجيف ذهبية
أبو قلقل,جعيفية الماشي
أبو قلقل,الحيزة
أبو قلقل,سكاوية
أبو قلقل,غرة كبيرة
أبو قلقل,جب الطويل
أبو قلقل,صندلية كبيرة
أبو قلقل,خربة الروس
أبو قلقل,غرة صغيرة
أبو قلقل,خربة بشار
أبو قلقل,جب ناهد
أبو قلقل,تل عريش جنوبي
أبو قلقل,جب حسن آغا
أبو قلقل,خربة زمالة
أبو قلقل,خربة خالد
أبو قلقل,جب حمزة
أبو قلقل,جب شيخ عبيد
أبو قلقل,قنا تحتاني
أبو قلقل,قنا شمالي
أبو قلقل,قناقبلي
أبو قلقل,والية_اكيردالي
أبو قلقل,محشية الطواحين
أبو قلقل,قوخار
أبو قلقل,فرس كبير
أبو قلقل,قرعة صغيرة
أبو قلقل,محشية الشيخ عبيد
أبو قلقل,فرس صغير
أبو قلقل,قشلة يوسف باشا
أبو قلقل,مقبلة حسن آغا
أبو قلقل,مدينة سد تشرين
أبو قلقل,نعيمة
أبو قلقل,خربة تويني
الخفسة,جب ماضي
الخفسة,رسم الأحمر
الخفسة,الناصرية فوقاني
الخفسة,غديني
الخفسة,جب قهوة
الخفسة,العاجوزية
الخفسة,عشيني
الخفسة,خربة الخذراف
الخفسة,رسم الحرمل الكبير
الخفسة,أم رسوم
الخفسة,عباجة
الخفسة,المعمورة_المهدوم
الخفسة,أم تينة منبج
الخفسة,جراح كبير
الخفسة,أبو حنايا
الخفسة,جناة سلامة
الخفسة,رسم الخميس غربي صغير
الخفسة,رسم الجيس
الخفسة,تل عابر
الخفسة,أبو مقبرة
الخفسة,عطشانة جب ميري
الخفسة,رسم عبود جفتلك
الخفسة,أم عدسة خليلية
الخفسة,دخيرة
الخفسة,عطيرة
الخفسة,خفية الحمر
الخفسة,رسم الحمام ميري
الخفسة,أربعة كبيرة
الخفسة,جفر منصور منبج
الخفسة,المحسنة خفسة
الخفسة,حبوبة صغيرة
الخفسة,تل حسان
الخفسة,دريسية
الخفسة,الخفسة
الخفسة,الكيصومة
الخفسة,جفيرة غزال
الخفسة,خربة شهاب
الخفسة,تبارة كلش
الخفسة,الدروبية كبيرة
الخفسة,لاله محمد
الخفسة,كيارية
الخفسة,مزيونة الجابري
الخفسة,معرضة كبيرة
الخفسة,قصر هدلة
الخفسة,قصر سلوم_طنوزة
الخفسة,مشرفة قرب خفسة_الحامض
الخفسة,رسم الفالح
الخفسة,العريضية
الخفسة,العطاوية
الخفسة,تل المعز
الخفسة,الروضة
الخفسة,السامية
الخفسة,الفيصلية
الخفسة,جباب المسعودية
الخفسة,الزاكية
الخفسة,رسم الدوالي
الخفسة,شيحة
الخفسة,خربة السبع
الخفسة,رشيدية الخفسة
الخفسة,بندوقة
الخفسة,موالح كبيرة
الخفسة,جراح الصغير
الخفسة,خربة برغوث
الخفسة,حديدي
الخفسة,رسم المسطاحة
الخفسة,عارودة كبير
الخفسة,عارودة صغيرة
الخفسة,جديدة الحمر
الخفسة,جديدة مسطاحة
الخفسة,رأس العين حمر
الخفسة,جب ابيض شمالي
الخفسة,شيخ ابيض
الخفسة,رمانة
الخفسة,سخني
الخفسة,شاش حمدان
الخفسة,جب الحمام مسطاحة
الخفسة,جب خميس
الخفسة,جب حمد الشلال
الخفسة,الكسرة
الخفسة,خان الحمر
الخفسة,شعيب الحمركبير
الخفسة,تلحوذان
الخفسة,شجرة
الخفسة,خربة سلامة
الخفسة,تل عاكولة
الخفسة,تل اسود
الخفسة,رسم الخميس شرقي كبير
الخفسة,حبوبة كبيرة
الخفسة,قبب كبير
الخفسة,مزيونة الحمر
الخفسة,مجمع مباقر مسكنة
الخفسة,قبب صغير
الخفسة,خرايج دحم
الخفسة,المشرفة
الخفسة,معرضة صغيرة
الخفسة,القطيط
الخفسة,الخالدية الخفسة
الخفسة,خربة زيدان
الخفسة,المشيرفة
الخفسة,البطوشية
الخفسة,موالح الصغيرة
الخفسة,رسم الحمام الغربي
الخفسة,الفرعية / تل الغراب
الخفسة,قناوي
الخفسة,خربة المزن
الخفسة,خربة الطيب
الخفسة,خربة حسن
الخفسة,خربة حج عبدن
الخفسة,الصمجلية
الخفسة,النافعية
الخفسة,درة بابيري فوقاني
الخفسة,المزرعة السادسة
الخفسة,جب الحمام
الخفسة,المزرعة الثالثة
مسكنة,رسم البوخر
مسكنة,تل توتون
مسكنة,الحمرة
مسكنة,ردة كبيرة
مسكنة,خربة صليب
مسكنة,المفتاحية
مسكنة,سموقة منبج
مسكنة,جب الحمام جتالة
مسكنة,رجم الأقرع
مسكنة,خان الشعر
مسكنة,رأس العين البومانع
مسكنة,بابيري_بابيري تحتاني
مسكنة,مسكنة_عنيزة
مسكنة,قواص
مسكنة,مدينة الغار
مسكنة,مجمع حطين
مسكنة,الجويم
مسكنة,أم حجرة
مسكنة,الحمرا
مسكنة,سكرية
مسكنة,رسم الغزال
مسكنة,جنوب جديعة
مسكنة,النعيمية
مسكنة,الحرية
مسكنة,الشهداء
مسكنة,العزيزية
مسكنة,خربة محسن
مسكنة,دندن
مسكنة,رسم فالح
مسكنة,جداع كبيرة / الكرمة
مسكنة,الوديهة الجديدة
مسكنة,العلوة
مركز عين العرب,القنطرة_قنطرة كيكان
مركز عين العرب,زرافة_زرافيك
مركز عين العرب,خالدية فوقاني_تحتك فوقاني
مركز عين العرب,شران
مركز عين العرب,تل ابيض تحتاني_بوزهيوك تحتاني
مركز عين العرب,سلامة كبير_دونقوز كبير
مركز عين العرب,غريب
مركز عين العرب,سلامة صغير_دونقوز صغير
مركز عين العرب,جبيلة تحتاني_قرة قوري
مركز عين العرب,عين العرب
مركز عين العرب,تل الحجر تحتاني_طاشلوك
مركز عين العرب,زوبار_زورابي
مركز عين العرب,تل حاجب
مركز عين العرب,بيت لحم فوقاني_إيتويران
مركز عين العرب,تل غزال
مركز عين العرب,بيت لحم تحتاني__إيتويران
مركز عين العرب,الميدان_كورك كيتان
مركز عين العرب,الفرزدق_أرسلان طاش
مركز عين العرب,تل حجر فوقاني
مركز عين العرب,عروبة_كور علي
مركز عين العرب,عين البط كبير
مركز عين العرب,طفش_طفشو
مركز عين العرب,بئر عمر
مركز عين العرب,جوبان_الشيخ جوبان
مركز عين العرب,بيجان_ترمك
مركز عين العرب,النبعة_كوربينار
مركز عين العرب,حزينة
مركز عين العرب,جيل_جيلك
مركز عين العرب,الناظرية_كوران
مركز عين العرب,بابان_بوبان
مركز عين العرب,خراب ناس
مركز عين العرب,خراب كورت
مركز عين العرب,ظهيرة_بيل ويران
مركز عين العرب,الأيوبية_كاروز
مركز عين العرب,الغسانية_قرة حلنج
مركز عين العرب,جبيلة فوقاني_قرة قوري
مركز عين العرب,الشروق_هولاقي
مركز عين العرب,عزيزية_مومان عزو
مركز عين العرب,الاستقامة_كوربا
مركز عين العرب,الحباب_ يدي قوي
مركز عين العرب,زوغر
مركز عين العرب,دوحة كبير_قباجق كبير
مركز عين العرب,سفت فوقاني_سفتك
مركز عين العرب,صوص_صوصان
مركز عين العرب,مزرعة صوفي كبير
مركز عين العرب,مزرعة العامود
مركز عين العرب,قنطرة بيت سري
مركز عين العرب,قروف
مركز عين العرب,مخرج
مركز عين العرب,مرشد مرشد بينار
مركز عين العرب,ناف كرب_كربناف
مركز عين العرب,قولا
مركز عين العرب,كرب_كربلك
مركز عين العرب,كأس_كاسكان
مركز عين العرب,ميناس
مركز عين العرب,كلمد
مركز عين العرب,خراب رست
مركز عين العرب,جوقر غربي
مركز عين العرب,سربحور
مركز عين العرب,تحتيك تحتاني
مركز عين العرب,شرباتي
مركز عين العرب,بيرمان
مركز عين العرب,بريش
مركز عين العرب,كوشيك
مركز عين العرب,قلنجات ويران
مركز عين العرب,زرويك
مركز عين العرب,ديبرك كيتكان
مركز عين العرب,جرموز
مركز عين العرب,دايبرك كايتيكان
مركز عين العرب,قره مزرعة
مركز عين العرب,كوكجات
مركز عين العرب,ستي
مركز عين العرب,خرابال
مركز عين العرب,بوستبة
مركز عين العرب,جمحران
مركز عين العرب,جبان
مركز عين العرب,كرتك
مركز عين العرب,جمعة علي
مركز عين العرب,حجتار
مركز عين العرب,القنطرة / كيكان
مركز عين العرب,جلبيك
مركز عين العرب,صفيق تحتاني
مركز عين العرب,بابانا بيكوك
مركز عين العرب,بير مال
مركز عين العرب,جرتي مللانة
مركز عين العرب,كويك حبيب
مركز عين العرب,كورده
مركز عين العرب,زرزوري
مركز عين العرب,كوركي
مركز عين العرب,عليشار
مركز عين العرب,سالم
مركز عين العرب,مزرعة الصغيرة
مركز عين العرب,مزرر داود
مركز عين العرب,كاباجوك
شيوخ تحتاني,الشاكرية_مشكو
شيوخ تحتاني,جبنة
شيوخ تحتاني,عوينة
شيوخ تحتاني,رجبية_قوجلي وسط
شيوخ تحتاني,الدوارة الكبيرة_جارقلي
شيوخ تحتاني,صوانية_قملق
شيوخ تحتاني,سيف علي
شيوخ تحتاني,خربة عطو
شيوخ تحتاني,شيوخ فوقاني
شيوخ تحتاني,الواوية_جقل وبران
شيوخ تحتاني,جب فرج كبير
شيوخ تحتاني,دار الباز فوقاني
شيوخ تحتاني,تعلا
شيوخ تحتاني,شيوخ تحتاني
شيوخ تحتاني,تل أحمر عين العرب
شيوخ تحتاني,دادي_دادة لي
شيوخ تحتاني,بلة
شيوخ تحتاني,درب النوب
شيوخ تحتاني,الشهامة_بندر
شيوخ تحتاني,الحفيانة_بوغاز
شيوخ تحتاني,الشمالية_بوراز أوغلي
شيوخ تحتاني,تل العبر
شيوخ تحتاني,خليل_خليلجك
شيوخ تحتاني,مزدلفة_بستك
شيوخ تحتاني,هلالة_كرد وسطاني
شيوخ تحتاني,قناية
شيوخ تحتاني,قبة
شيوخ تحتاني,قران فوقاني
شيوخ تحتاني,زرك
شيوخ تحتاني,زور مغار
شيوخ تحتاني,زركوتك
شيوخ تحتاني,جمك
شيوخ تحتاني,قرديني
شيوخ تحتاني,ميدانة
شيوخ تحتاني,حنكوش
شيوخ تحتاني,درابزين
شيوخ تحتاني,ابكت
شيوخ تحتاني,دكماتاش
شيوخ تحتاني,كوماتشي
شيوخ تحتاني,طرمان
شيوخ تحتاني,كويم افتر
شيوخ تحتاني,قاسمية
شيوخ تحتاني,قوجلي تحتاني
شيوخ تحتاني,قومي
شيوخ تحتاني,قاطش
شيوخ تحتاني,دربزن حوزان
شيوخ تحتاني,بياضة
صرين,رميلة_الحنو
صرين,رمالة
صرين,تل البنات
صرين,ترمك تحتاني_ترمك شيخان تحتاني
صرين,تل الاخضر_كوكتبة تحتاني
صرين,البركة_دوبيرك
صرين,الطوق_طوقلي
صرين,الصفوانية_كورتك شيخان
صرين,الأعظمية_كرانة شرقي
صرين,البارودية
صرين,الأسد_آصلان كوي
صرين,الطيبة عين العرب
صرين,رأس العين قبلي
صرين,أم تليل
صرين,بئر بكار
صرين,خان ماميد_خان محمد
صرين,جعدة السمعاوات
صرين,خراب العاشق_خراب عشق
صرين,خراب صهريج غربية
صرين,خربة الجمل
صرين,سيفية
صرين,بئر دلة
صرين,اسكيف_كوشكار
صرين,شلال شرقي_جوخر شرقي
صرين,القادرية
صرين,البعثية_كردوشان
صرين,التوابية_كبة رب
صرين,بئر الأعمى
صرين,بئر الدم
صرين,بئر حسو_خربة كلايع
صرين,خرخري
صرين,النحاسية_قازاني
صرين,ضبعة كبيرة
صرين,الدمام_كرانة غربي
صرين,صهاريج الجبل
صرين,صنع
صرين,حفيان
صرين,صفيط
صرين,الجورات_جور تانك
صرين,حلنجة
صرين,الجبلة_برداغ
صرين,ابراهيمية_كوكتبة فوقاني
صرين,شكيف
صرين,شيخ غالي
صرين,حمدون
صرين,الجلبية
صرين,الداوودية_كيك دادا
صرين,جولان_قرة قوزاق
صرين,المعروفة_صايكولة
صرين,شلال غربي_جوخر غربي
صرين,خربة الكافر_كاور خراب
صرين,صرين
صرين,زريك
صرين,درب التخت
صرين,الأخوة_أوج قارداش فوقاني
صرين,الحقل_بوجاق
صرين,ساق
صرين,السهم_شيش
صرين,السيدة_خاتونية
صرين,السياحة_صايكول غربي
صرين,أبو دعمة_المسعودية
صرين,العمرية_أومرك
صرين,خشخاش كبير
صرين,خشخاش صغير
صرين,باب الحديد_دامر قابوسي
صرين,الخاروفية_برج بطان
صرين,بئر رش_كيتكان
صرين,خروص
صرين,سفرية
صرين,بئر عبيدو_بئرعبد الرحمن
صرين,دندوشان
صرين,بئر محلي
صرين,متين
صرين,نور علي
صرين,هيالة_كويك
صرين,كميت كبيرة_كوجه كميت كبيرة
صرين,وادي النور_كور وادين
صرين,مأوى فوقاني_خانيك فوقاني
صرين,فجر فوقاني
صرين,مسرب
صرين,كوفيان
صرين,ياراماز
صرين,متراس
صرين,مويلح
صرين,ملحة
صرين,كريدان
صرين,قصق شمالي
صرين,مند_مندك
صرين,منسية
صرين,منيف
صرين,قولانة
صرين,كرك
صرين,قلعة حديد
صرين,ناقوط
صرين,قلعة رش
صرين,مزغنة
صرين,مروح عين العرب
صرين,قراط
صرين,ميل
صرين,قنطري
صرين,مغربتين
صرين,بير شلال غربي
صرين,عرنة
صرين,بشتولكة
صرين,مرداس
صرين,صيقول
صرين,غابية
صرين,الشيارة
صرين,رميلات
صرين,بير ابو تينة
صرين,الدحام
صرين,جديدة الضاخك
صرين,المصعات
صرين,الحج ابراهيم
صرين,شكار
صرين,ناقوط
صرين,بير قريدان
صرين,محفظة
صرين,باش كويو
صرين,عليوي الزور
صرين,قنطارة
صرين,صفيطة
صرين,خربة زربة
صرين,طوبا
صرين,سكيف
صرين,حينالي
صرين,جلبية
صرين,سركانية قبلي
صرين,بير جف
صرين,قصق
صرين,خودان
صرين,رقاص تحتاني
صرين,منيف
صرين,خراب برغل
صرين,قيراطة كردا
صرين,كيفون
صرين,قيراط
صرين,رقاص فوقاني
صرين,حويجة التلاوي
صرين,خانيك تحتاني
صرين,حريك
صرين,زنار قل
صرين,خرابة
صرين,توتانيك
صرين,غجر تحتاني
صرين,بير خاني
صرين,التون ويران
صرين,بير شلال شرقي
صرين,خربة الشاطر
صرين,الحيمر كبيرة
صرين,الجوم
صرين,البيضا
صرين,كر اوضاني
صرين,الرملة
صرين,جب الصفا
صرين,جب الكيرادة
صرين,حمر الصغيرة
صرين,أبو صفيان
صرين,كرانة غربي
صرين,دبسية
صرين,أبو ماجد
صرين,السلحبية
صرين,الحبصاوي
صرين,بير خادم
صرين,جنف الأحمر
صرين,علي الشمري
صرين,قصف القبلي
صرين,شيما
صرين,دمرجيك
صرين,شهداء
صرين,درفتلي
صرين,كرت
صرين,عزنة
صرين,دافي
صرين,دالي حسن
صرين,خربة بكر
صرين,خربة البرج
صرين,خربة جابرية
صرين,سبت تحتاني
صرين,كبلك
صرين,سبت فوقاني
صرين,سبت الهنكو
صرين,فياض
صرين,جادة المغارة
صرين,بير خامي
صرين,الحامك
صرين,الدافي
صرين,العبيدات
صرين,باليك
مركز السفيرة,قبتين
مركز السفيرة,ريان
مركز السفيرة,أم العمد السفيرة
مركز السفيرة,تل حاصل
مركز السفيرة,الحتاني
مركز السفيرة,زعلانة
مركز السفيرة,بلاط
مركز السفيرة,عقربة
مركز السفيرة,حكلة
مركز السفيرة,عقربوز
مركز السفيرة,تل علم
مركز السفيرة,تل عابور
مركز السفيرة,بيدورة
مركز السفيرة,جلغوم
مركز السفيرة,تل عرن
مركز السفيرة,صماد
مركز السفيرة,حبشية
مركز السفيرة,برج الرمان
مركز السفيرة,العميرية
مركز السفيرة,أبو صفيطة
مركز السفيرة,باشكوي سفيرة
مركز السفيرة,أبو دريخة السفيرة
مركز السفيرة,تركان
مركز السفيرة,عين عسان
مركز السفيرة,تل اصطبل
مركز السفيرة,ام عامود
مركز السفيرة,أبو جرين السفيرة
مركز السفيرة,جفرة الحص
مركز السفيرة,جلاغيم
مركز السفيرة,رضوانية
مركز السفيرة,عين سابل
مركز السفيرة,السفيرة
مركز السفيرة,حويجينة
مركز السفيرة,زنيان
مركز السفيرة,طاط
مركز السفيرة,جنيد
مركز السفيرة,مصيدة
مركز السفيرة,فجدان
مركز السفيرة,كبارة
مركز السفيرة,قصير الورد
مركز السفيرة,تل نعام
مركز السفيرة,الصالحية
مركز السفيرة,العزيزية
مركز السفيرة,قريطية
مركز السفيرة,طريديم
مركز السفيرة,النكرورة
مركز السفيرة,اندنانية
مركز السفيرة,ناصرية
مركز السفيرة,الحميرة
خناصر,جب العلي
خناصر,جب جاسم
خناصر,راهب
خناصر,خناصر
خناصر,رسم السيالة
خناصر,زبد
خناصر,هربكية
خناصر,قليعة
خناصر,حبس
خناصر,شريمة
خناصر,حجارة كبيرة
خناصر,جب الاعمى
خناصر,رملة
خناصر,رسم النفل
خناصر,رسم حمد
خناصر,شلالة كبيرة
خناصر,عبده موسى
خناصر,هواز
خناصر,جديدة
خناصر,رسم الكر
خناصر,المزرعة
خناصر,رسم غنيمة
خناصر,عبيسان
خناصر,العزيزية
خناصر,رجم الصوان
خناصر,رسم الحمام
خناصر,العظامي
خناصر,دريب الواوي
خناصر,الرشادية
خناصر,رسم الكبارة
خناصر,خربيل
خناصر,جب عواد
خناصر,حمدانية
خناصر,حجارة الصغيرة
خناصر,ام ميال
خناصر,خربة الطوبا
خناصر,المغارة
خناصر,سرداح
خناصر,عقيل
خناصر,حيات صغيرة
خناصر,رسم عسكر
خناصر,عطشانة
خناصر,حيات
خناصر,خربة خنيصر
خناصر,رويهب
خناصر,خربة كويس
بنان,أم جرن السفبرة
بنان,السميرية
بنان,زراعة
بنان,جعارة
بنان,بنان
بنان,ديمان
بنان,صدعايا
بنان,بلوزة
بنان,قتيطرات
بنان,رسم عسان
بنان,سرج فارع
بنان,كفركار
بنان,جب السميرية
بنان,جب التينة
بنان,رسم الصهريج
بنان,عزيرة
بنان,خربة المعاجير
بنان,تلهو
بنان,رسم الحلو
الحاجب,برج عزاوي
الحاجب,الطيبة سفيرة
الحاجب,رسم عميش
الحاجب,تل عنبر
الحاجب,برج الساما
الحاجب,جب انطاش تحتاني
الحاجب,سحور
الحاجب,جب انطاش فوقاني
الحاجب,سويان
الحاجب,الجرمكية
الحاجب,حوير الحص
الحاجب,أبو عبدة
الحاجب,ابو غتة
الحاجب,الحاجب
الحاجب,أبو جلوس
الحاجب,جب تينة
الحاجب,ربيعة الحانوتة
الحاجب,بيشة
الحاجب,مكتبة
الحاجب,مدرسة
الحاجب,كفر حوت
الحاجب,مغيرات شبلي
الحاجب,منعايا
الحاجب,مربعة بيشة
الحاجب,رسم البسس
الحاجب,الباقات
الحاجب,رسم شوكان
الحاجب,برج سبينة
الحاجب,معربة سلوم
الحاجب,ام اصطبل
الحاجب,رسم القرقور
الحاجب,باصلة
الحاجب,الجديدة
الحاجب,مرزعة أبو عبدة
الحاجب,رسم العيش
مركز جرابلس,تل العمارة
مركز جرابلس,حلونجي
مركز جرابلس,الحجلية - جرابلس
مركز جرابلس,البير التحتاني
مركز جرابلس,الدابس
مركز جرابلس,المغاير_قرق مغار
مركز جرابلس,الحلوانية
مركز جرابلس,زوغرة
مركز جرابلس,ظهر المغاير
مركز جرابلس,طريخم
مركز جرابلس,أم روثة تحتاني
مركز جرابلس,الجامل
مركز جرابلس,أم روثة فوقاني
مركز جرابلس,جرابلس تحتاني
مركز جرابلس,جرابلس
مركز جرابلس,أم سوسة
مركز جرابلس,حيمر
مركز جرابلس,صريصات
مركز جرابلس,الحاضرة_بلدق كبير
مركز جرابلس,المحسنة_محسنلي
مركز جرابلس,مجرى كبير
مركز جرابلس,يوسف بك
مركز جرابلس,قيراطة
مركز جرابلس,مرمى الحجر
مركز جرابلس,مجرى صغير
مركز جرابلس,مزعلة
مركز جرابلس,قندرية
مركز جرابلس,المواس
مركز جرابلس,الدليم
مركز جرابلس,عين البيضا
مركز جرابلس,تل شعير
مركز جرابلس,جات
مركز جرابلس,ببلان
مركز جرابلس,جب الكوسا
مركز جرابلس,بيت حسين
غندورة,عرب عزة
غندورة,حفيرة
غندورة,تل الحجر_تل الاحمر
غندورة,تل علي_كربجلي
غندورة,بيليس
غندورة,الكلية
غندورة,شعينة
غندورة,حجر الابيض
غندورة,الغندورة
غندورة,الغسانية جرابلس
غندورة,الفرسان_سباهيلر
غندورة,الشعيب
غندورة,القاضي جرابلس
غندورة,الصابونية
غندورة,عرب حسن صغير
غندورة,الظاهرية جرابلس
غندورة,الحميرة_آشكجي
غندورة,السويدة_قرة طاشلي
غندورة,تل أغبر_تل الاغر
غندورة,الشهيد
غندورة,جب الدم جرابلس
غندورة,قبة التركمان
غندورة,نبغة كبيرة
غندورة,مرتفع كبير
غندورة,غنمة
غندورة,قنطرة كبيرة
غندورة,ليلوة
غندورة,بصلجة
غندورة,قاهرة الغندورة
غندورة,الطفيلية
غندورة,ملحمية
غندورة,مزرعة حيدر باشا
غندورة,البرهانية
غندورة,راس الجوز
غندورة,بيت حج كانو
غندورة,يعقوبية
